"Step","56gn10wr02bs4ep12accelerator - train/loss","56gn10wr02bs4ep12accelerator - train/loss__MIN","56gn10wr02bs4ep12accelerator - train/loss__MAX","224gn03wr03bs4ep8accelerator - train/loss","224gn03wr03bs4ep8accelerator - train/loss__MIN","224gn03wr03bs4ep8accelerator - train/loss__MAX","112gn03wr03bs4ep8accelerator - train/loss","112gn03wr03bs4ep8accelerator - train/loss__MIN","112gn03wr03bs4ep8accelerator - train/loss__MAX","28gn1wr02bs4ep20accelerator - train/loss","28gn1wr02bs4ep20accelerator - train/loss__MIN","28gn1wr02bs4ep20accelerator - train/loss__MAX"
"0","6.5744","6.5744","6.5744","6.5481","6.5481","6.5481","6.5432","6.5432","6.5432","6.734","6.734","6.734"
"2","6.9974","6.9974","6.9974","6.9487","6.9487","6.9487","6.5868","6.5868","6.5868","6.8064","6.8064","6.8064"
"4","7.0783","7.0783","7.0783","6.8984","6.8984","6.8984","6.8938","6.8938","6.8938","7.0335","7.0335","7.0335"
"6","6.8991","6.8991","6.8991","6.8629","6.8629","6.8629","6.8421","6.8421","6.8421","7.119","7.119","7.119"
"8","6.7962","6.7962","6.7962","6.7831","6.7831","6.7831","7.0312","7.0312","7.0312","6.8182","6.8182","6.8182"
"10","6.0942","6.0942","6.0942","6.2745","6.2745","6.2745","6.5768","6.5768","6.5768","6.555","6.555","6.555"
"12","6.4106","6.4106","6.4106","6.9723","6.9723","6.9723","5.9388","5.9388","5.9388","6.2644","6.2644","6.2644"
"14","5.9944","5.9944","5.9944","6.6875","6.6875","6.6875","6.6778","6.6778","6.6778","6.0091","6.0091","6.0091"
"16","5.8962","5.8962","5.8962","6.7856","6.7856","6.7856","6.3113","6.3113","6.3113","5.792","5.792","5.792"
"18","5.2601","5.2601","5.2601","6.6099","6.6099","6.6099","6.3247","6.3247","6.3247","5.1972","5.1972","5.1972"
"20","5.2717","5.2717","5.2717","6.4928","6.4928","6.4928","5.9553","5.9553","5.9553","4.6928","4.6928","4.6928"
"22","4.5944","4.5944","4.5944","6.1778","6.1778","6.1778","5.8569","5.8569","5.8569","4.096","4.096","4.096"
"24","4.1203","4.1203","4.1203","6.4387","6.4387","6.4387","5.6851","5.6851","5.6851","3.4693","3.4693","3.4693"
"26","3.3863","3.3863","3.3863","5.7186","5.7186","5.7186","5.0179","5.0179","5.0179","2.7348","2.7348","2.7348"
"28","2.6774","2.6774","2.6774","6.0019","6.0019","6.0019","4.9542","4.9542","4.9542","2.004","2.004","2.004"
"30","2.09","2.09","2.09","5.8685","5.8685","5.8685","4.7339","4.7339","4.7339","1.2769","1.2769","1.2769"
"32","1.4164","1.4164","1.4164","5.7641","5.7641","5.7641","4.022","4.022","4.022","0.7972","0.7972","0.7972"
"34","0.9008","0.9008","0.9008","5.7717","5.7717","5.7717","3.6915","3.6915","3.6915","0.5862","0.5862","0.5862"
"36","0.6704","0.6704","0.6704","5.4242","5.4242","5.4242","3.2715","3.2715","3.2715","0.5308","0.5308","0.5308"
"38","0.6124","0.6124","0.6124","5.0071","5.0071","5.0071","2.8423","2.8423","2.8423","0.5247","0.5247","0.5247"
"40","0.5313","0.5313","0.5313","4.7908","4.7908","4.7908","2.2193","2.2193","2.2193","0.6343","0.6343","0.6343"
"42","0.594","0.594","0.594","4.5335","4.5335","4.5335","1.8817","1.8817","1.8817","0.5072","0.5072","0.5072"
"44","0.5646","0.5646","0.5646","4.2607","4.2607","4.2607","1.2504","1.2504","1.2504","0.4838","0.4838","0.4838"
"46","0.5055","0.5055","0.5055","3.8742","3.8742","3.8742","0.9411","0.9411","0.9411","0.4257","0.4257","0.4257"
"48","0.5334","0.5334","0.5334","3.4903","3.4903","3.4903","0.7307","0.7307","0.7307","0.4383","0.4383","0.4383"
"50","0.5772","0.5772","0.5772","3.3257","3.3257","3.3257","0.6558","0.6558","0.6558","0.4652","0.4652","0.4652"
"52","0.4474","0.4474","0.4474","2.887","2.887","2.887","0.551","0.551","0.551","0.4309","0.4309","0.4309"
"54","0.5014","0.5014","0.5014","2.576","2.576","2.576","0.592","0.592","0.592","0.4833","0.4833","0.4833"
"56","0.4183","0.4183","0.4183","2.091","2.091","2.091","0.6263","0.6263","0.6263","0.4131","0.4131","0.4131"
"58","0.5014","0.5014","0.5014","1.5958","1.5958","1.5958","0.5038","0.5038","0.5038","0.3522","0.3522","0.3522"
"60","0.3544","0.3544","0.3544","1.3095","1.3095","1.3095","0.5569","0.5569","0.5569","0.4335","0.4335","0.4335"
"62","0.4023","0.4023","0.4023","0.9453","0.9453","0.9453","0.5987","0.5987","0.5987","0.3837","0.3837","0.3837"
"64","0.3829","0.3829","0.3829","0.7592","0.7592","0.7592","0.482","0.482","0.482","0.2722","0.2722","0.2722"
"66","0.4898","0.4898","0.4898","0.6008","0.6008","0.6008","0.586","0.586","0.586","0.3201","0.3201","0.3201"
"68","0.3814","0.3814","0.3814","0.6104","0.6104","0.6104","0.531","0.531","0.531","0.2854","0.2854","0.2854"
"70","0.2916","0.2916","0.2916","0.7706","0.7706","0.7706","0.4186","0.4186","0.4186","0.2645","0.2645","0.2645"
"72","0.3027","0.3027","0.3027","0.5556","0.5556","0.5556","0.4428","0.4428","0.4428","0.276","0.276","0.276"
"74","0.4102","0.4102","0.4102","0.547","0.547","0.547","0.4523","0.4523","0.4523","0.3332","0.3332","0.3332"
"76","0.3449","0.3449","0.3449","0.5575","0.5575","0.5575","0.3946","0.3946","0.3946","0.2498","0.2498","0.2498"
"78","0.3153","0.3153","0.3153","0.5531","0.5531","0.5531","0.381","0.381","0.381","0.2003","0.2003","0.2003"
"80","0.3424","0.3424","0.3424","0.5199","0.5199","0.5199","0.3937","0.3937","0.3937","0.2401","0.2401","0.2401"
"82","0.2768","0.2768","0.2768","0.5119","0.5119","0.5119","0.3064","0.3064","0.3064","0.1639","0.1639","0.1639"
"84","0.2829","0.2829","0.2829","0.5142","0.5142","0.5142","0.3346","0.3346","0.3346","0.1674","0.1674","0.1674"
"86","0.2795","0.2795","0.2795","0.4375","0.4375","0.4375","0.4022","0.4022","0.4022","0.2031","0.2031","0.2031"
"88","0.3205","0.3205","0.3205","0.5411","0.5411","0.5411","0.3082","0.3082","0.3082","0.2348","0.2348","0.2348"
"90","0.2235","0.2235","0.2235","0.39","0.39","0.39","0.3484","0.3484","0.3484","0.1751","0.1751","0.1751"
"92","0.2355","0.2355","0.2355","0.4293","0.4293","0.4293","0.2939","0.2939","0.2939","0.1239","0.1239","0.1239"
"94","0.1801","0.1801","0.1801","0.4163","0.4163","0.4163","0.4279","0.4279","0.4279","0.1458","0.1458","0.1458"
"96","0.1811","0.1811","0.1811","0.512","0.512","0.512","0.3001","0.3001","0.3001","0.1364","0.1364","0.1364"
"98","0.1467","0.1467","0.1467","0.4695","0.4695","0.4695","0.2335","0.2335","0.2335","0.1613","0.1613","0.1613"
"100","0.2509","0.2509","0.2509","0.4398","0.4398","0.4398","0.2727","0.2727","0.2727","0.2304","0.2304","0.2304"
"102","0.1934","0.1934","0.1934","0.4172","0.4172","0.4172","0.2153","0.2153","0.2153","0.1184","0.1184","0.1184"
"104","0.1859","0.1859","0.1859","0.3835","0.3835","0.3835","0.1986","0.1986","0.1986","0.1111","0.1111","0.1111"
"106","0.1205","0.1205","0.1205","0.3308","0.3308","0.3308","0.238","0.238","0.238","0.0895","0.0895","0.0895"
"108","0.146","0.146","0.146","0.3446","0.3446","0.3446","0.2208","0.2208","0.2208","0.1185","0.1185","0.1185"
"110","0.1854","0.1854","0.1854","0.3213","0.3213","0.3213","0.2734","0.2734","0.2734","0.1181","0.1181","0.1181"
"112","0.1699","0.1699","0.1699","0.4013","0.4013","0.4013","0.1673","0.1673","0.1673","0.1268","0.1268","0.1268"
"114","0.2108","0.2108","0.2108","0.3331","0.3331","0.3331","0.3314","0.3314","0.3314","0.1332","0.1332","0.1332"
"116","0.1303","0.1303","0.1303","0.3228","0.3228","0.3228","0.2172","0.2172","0.2172","0.1032","0.1032","0.1032"
"118","0.1501","0.1501","0.1501","0.3106","0.3106","0.3106","0.2347","0.2347","0.2347","0.1793","0.1793","0.1793"
"120","0.1168","0.1168","0.1168","0.2771","0.2771","0.2771","0.2336","0.2336","0.2336","0.1109","0.1109","0.1109"
"122","0.1274","0.1274","0.1274","0.3303","0.3303","0.3303","0.2341","0.2341","0.2341","0.0689","0.0689","0.0689"
"124","0.1346","0.1346","0.1346","0.2883","0.2883","0.2883","0.1309","0.1309","0.1309","0.0744","0.0744","0.0744"
"126","0.2328","0.2328","0.2328","0.2915","0.2915","0.2915","0.2457","0.2457","0.2457","0.0883","0.0883","0.0883"
"128","0.2181","0.2181","0.2181","0.2097","0.2097","0.2097","0.1493","0.1493","0.1493","0.1404","0.1404","0.1404"
"130","0.1451","0.1451","0.1451","0.2895","0.2895","0.2895","0.1868","0.1868","0.1868","0.0937","0.0937","0.0937"
"132","0.1419","0.1419","0.1419","0.2472","0.2472","0.2472","0.2147","0.2147","0.2147","0.1017","0.1017","0.1017"
"134","0.1605","0.1605","0.1605","0.2477","0.2477","0.2477","0.2341","0.2341","0.2341","0.0873","0.0873","0.0873"
"136","0.2276","0.2276","0.2276","0.1617","0.1617","0.1617","0.2629","0.2629","0.2629","0.086","0.086","0.086"
"138","0.1234","0.1234","0.1234","0.2006","0.2006","0.2006","0.1494","0.1494","0.1494","0.0621","0.0621","0.0621"
"140","0.1669","0.1669","0.1669","0.2924","0.2924","0.2924","0.2296","0.2296","0.2296","0.1238","0.1238","0.1238"
"142","0.0894","0.0894","0.0894","0.2034","0.2034","0.2034","0.1728","0.1728","0.1728","0.0854","0.0854","0.0854"
"144","0.1224","0.1224","0.1224","0.208","0.208","0.208","0.1351","0.1351","0.1351","0.0663","0.0663","0.0663"
"146","0.2351","0.2351","0.2351","0.1992","0.1992","0.1992","0.1751","0.1751","0.1751","0.0789","0.0789","0.0789"
"148","0.1178","0.1178","0.1178","0.1999","0.1999","0.1999","0.2035","0.2035","0.2035","0.0639","0.0639","0.0639"
"150","0.1073","0.1073","0.1073","0.1719","0.1719","0.1719","0.0977","0.0977","0.0977","0.0623","0.0623","0.0623"
"152","0.1596","0.1596","0.1596","0.2233","0.2233","0.2233","0.1092","0.1092","0.1092","0.0478","0.0478","0.0478"
"154","0.1314","0.1314","0.1314","0.1845","0.1845","0.1845","0.1128","0.1128","0.1128","0.0525","0.0525","0.0525"
"156","0.0681","0.0681","0.0681","0.164","0.164","0.164","0.1828","0.1828","0.1828","0.0537","0.0537","0.0537"
"158","0.1267","0.1267","0.1267","0.2374","0.2374","0.2374","0.1167","0.1167","0.1167","0.05","0.05","0.05"
"160","0.138","0.138","0.138","0.1883","0.1883","0.1883","0.1635","0.1635","0.1635","0.0542","0.0542","0.0542"
"162","0.1644","0.1644","0.1644","0.1375","0.1375","0.1375","0.1721","0.1721","0.1721","0.0502","0.0502","0.0502"
"164","0.1343","0.1343","0.1343","0.1715","0.1715","0.1715","0.2833","0.2833","0.2833","0.0455","0.0455","0.0455"
"166","0.0827","0.0827","0.0827","0.2296","0.2296","0.2296","0.18","0.18","0.18","0.0922","0.0922","0.0922"
"168","0.088","0.088","0.088","0.2237","0.2237","0.2237","0.1852","0.1852","0.1852","0.038","0.038","0.038"
"170","0.0887","0.0887","0.0887","0.2627","0.2627","0.2627","0.1294","0.1294","0.1294","0.086","0.086","0.086"
"172","0.1752","0.1752","0.1752","0.1772","0.1772","0.1772","0.2742","0.2742","0.2742","0.0358","0.0358","0.0358"
"174","0.0795","0.0795","0.0795","0.0962","0.0962","0.0962","0.1513","0.1513","0.1513","0.0304","0.0304","0.0304"
"176","0.0629","0.0629","0.0629","0.1153","0.1153","0.1153","0.1443","0.1443","0.1443","0.0335","0.0335","0.0335"
"178","0.1229","0.1229","0.1229","0.2843","0.2843","0.2843","0.2889","0.2889","0.2889","0.0422","0.0422","0.0422"
"180","0.0678","0.0678","0.0678","0.1314","0.1314","0.1314","0.0758","0.0758","0.0758","0.0339","0.0339","0.0339"
"182","0.0736","0.0736","0.0736","0.1566","0.1566","0.1566","0.1165","0.1165","0.1165","0.0341","0.0341","0.0341"
"184","0.1609","0.1609","0.1609","0.144","0.144","0.144","0.1807","0.1807","0.1807","0.0284","0.0284","0.0284"
"186","0.0928","0.0928","0.0928","0.1881","0.1881","0.1881","0.126","0.126","0.126","0.0238","0.0238","0.0238"
"188","0.1158","0.1158","0.1158","0.2122","0.2122","0.2122","0.1913","0.1913","0.1913","0.03","0.03","0.03"
"190","0.111","0.111","0.111","0.1941","0.1941","0.1941","0.1262","0.1262","0.1262","0.0306","0.0306","0.0306"
"192","0.0991","0.0991","0.0991","0.2146","0.2146","0.2146","0.106","0.106","0.106","0.0299","0.0299","0.0299"
"194","0.1269","0.1269","0.1269","0.2733","0.2733","0.2733","0.1538","0.1538","0.1538","0.0564","0.0564","0.0564"
"196","0.0604","0.0604","0.0604","0.1535","0.1535","0.1535","0.0744","0.0744","0.0744","0.026","0.026","0.026"
"198","0.0957","0.0957","0.0957","0.1925","0.1925","0.1925","0.1095","0.1095","0.1095","0.0217","0.0217","0.0217"
"200","0.1225","0.1225","0.1225","0.2587","0.2587","0.2587","0.1337","0.1337","0.1337","0.0201","0.0201","0.0201"
"202","0.0556","0.0556","0.0556","0.1929","0.1929","0.1929","0.0788","0.0788","0.0788","0.0501","0.0501","0.0501"
"204","0.0761","0.0761","0.0761","0.1238","0.1238","0.1238","0.1662","0.1662","0.1662","0.0244","0.0244","0.0244"
"206","0.0639","0.0639","0.0639","0.0763","0.0763","0.0763","0.1761","0.1761","0.1761","0.0226","0.0226","0.0226"
"208","0.0768","0.0768","0.0768","0.1492","0.1492","0.1492","0.1197","0.1197","0.1197","0.0175","0.0175","0.0175"
"210","0.0899","0.0899","0.0899","0.1184","0.1184","0.1184","0.1411","0.1411","0.1411","0.0196","0.0196","0.0196"
"212","0.0464","0.0464","0.0464","0.1001","0.1001","0.1001","0.1357","0.1357","0.1357","0.0432","0.0432","0.0432"
"214","0.0801","0.0801","0.0801","0.2084","0.2084","0.2084","0.0753","0.0753","0.0753","0.0217","0.0217","0.0217"
"216","0.0638","0.0638","0.0638","0.1527","0.1527","0.1527","0.1045","0.1045","0.1045","0.0163","0.0163","0.0163"
"218","0.1026","0.1026","0.1026","0.1585","0.1585","0.1585","0.1956","0.1956","0.1956","0.0176","0.0176","0.0176"
"220","0.1","0.1","0.1","0.1332","0.1332","0.1332","0.0909","0.0909","0.0909","0.0184","0.0184","0.0184"
"222","0.0901","0.0901","0.0901","0.1106","0.1106","0.1106","0.0716","0.0716","0.0716","0.0151","0.0151","0.0151"
"224","0.037","0.037","0.037","0.13","0.13","0.13","0.2386","0.2386","0.2386","0.018","0.018","0.018"
"226","0.0894","0.0894","0.0894","0.2063","0.2063","0.2063","0.0931","0.0931","0.0931","0.0158","0.0158","0.0158"
"228","0.0398","0.0398","0.0398","0.138","0.138","0.138","0.1104","0.1104","0.1104","0.0156","0.0156","0.0156"
"230","0.1057","0.1057","0.1057","0.1342","0.1342","0.1342","0.1271","0.1271","0.1271","0.0163","0.0163","0.0163"
"232","0.058","0.058","0.058","0.2556","0.2556","0.2556","0.1026","0.1026","0.1026","0.0345","0.0345","0.0345"
"234","0.0371","0.0371","0.0371","0.0941","0.0941","0.0941","0.0781","0.0781","0.0781","0.0165","0.0165","0.0165"
"236","0.0357","0.0357","0.0357","0.2266","0.2266","0.2266","0.1364","0.1364","0.1364","0.0148","0.0148","0.0148"
"238","0.1066","0.1066","0.1066","0.1945","0.1945","0.1945","0.1586","0.1586","0.1586","0.0139","0.0139","0.0139"
"240","0.0389","0.0389","0.0389","0.1215","0.1215","0.1215","0.0458","0.0458","0.0458","0.0133","0.0133","0.0133"
"242","0.0659","0.0659","0.0659","0.2433","0.2433","0.2433","0.0913","0.0913","0.0913","0.0325","0.0325","0.0325"
"244","0.066","0.066","0.066","0.2288","0.2288","0.2288","0.0783","0.0783","0.0783","0.0142","0.0142","0.0142"
"246","0.0847","0.0847","0.0847","0.1373","0.1373","0.1373","0.0455","0.0455","0.0455","0.0142","0.0142","0.0142"
"248","0.0411","0.0411","0.0411","0.1318","0.1318","0.1318","0.1061","0.1061","0.1061","0.0156","0.0156","0.0156"
"250","0.0514","0.0514","0.0514","0.1232","0.1232","0.1232","0.0445","0.0445","0.0445","0.0167","0.0167","0.0167"
"252","0.0584","0.0584","0.0584","0.1096","0.1096","0.1096","0.0639","0.0639","0.0639","0.0137","0.0137","0.0137"
"254","0.0306","0.0306","0.0306","0.1713","0.1713","0.1713","0.0701","0.0701","0.0701","0.0133","0.0133","0.0133"
"256","0.0306","0.0306","0.0306","0.0706","0.0706","0.0706","0.187","0.187","0.187","0.014","0.014","0.014"
"258","0.0726","0.0726","0.0726","0.1275","0.1275","0.1275","0.0476","0.0476","0.0476","0.0143","0.0143","0.0143"
"260","0.0677","0.0677","0.0677","0.0692","0.0692","0.0692","0.1107","0.1107","0.1107","0.0131","0.0131","0.0131"
"262","0.0449","0.0449","0.0449","0.1575","0.1575","0.1575","0.0812","0.0812","0.0812","0.0159","0.0159","0.0159"
"264","0.0409","0.0409","0.0409","0.0775","0.0775","0.0775","0.048","0.048","0.048","0.0276","0.0276","0.0276"
"266","0.0427","0.0427","0.0427","0.1969","0.1969","0.1969","0.0628","0.0628","0.0628","0.0131","0.0131","0.0131"
"268","0.0271","0.0271","0.0271","0.1656","0.1656","0.1656","0.0657","0.0657","0.0657","0.014","0.014","0.014"
"270","0.0273","0.0273","0.0273","0.0591","0.0591","0.0591","0.0816","0.0816","0.0816","0.0269","0.0269","0.0269"
"272","0.0501","0.0501","0.0501","0.1067","0.1067","0.1067","0.1404","0.1404","0.1404","0.0142","0.0142","0.0142"
"274","0.035","0.035","0.035","0.0781","0.0781","0.0781","0.093","0.093","0.093","0.0133","0.0133","0.0133"
"276","0.0311","0.0311","0.0311","0.0795","0.0795","0.0795","0.1175","0.1175","0.1175","0.0134","0.0134","0.0134"
"278","0.1093","0.1093","0.1093","0.1633","0.1633","0.1633","0.167","0.167","0.167","0.0142","0.0142","0.0142"
"280","0.0752","0.0752","0.0752","0.1294","0.1294","0.1294","0.0766","0.0766","0.0766","","",""
"282","0.0247","0.0247","0.0247","0.0554","0.0554","0.0554","0.0949","0.0949","0.0949","","",""
"284","0.0536","0.0536","0.0536","0.0578","0.0578","0.0578","0.1114","0.1114","0.1114","","",""
"286","0.0269","0.0269","0.0269","0.1324","0.1324","0.1324","0.0281","0.0281","0.0281","","",""
"288","0.021","0.021","0.021","0.1344","0.1344","0.1344","0.1141","0.1141","0.1141","","",""
"290","0.0379","0.0379","0.0379","0.1158","0.1158","0.1158","0.1468","0.1468","0.1468","","",""
"292","0.0324","0.0324","0.0324","0.2406","0.2406","0.2406","0.0379","0.0379","0.0379","","",""
"294","0.0256","0.0256","0.0256","0.1334","0.1334","0.1334","0.0996","0.0996","0.0996","","",""
"296","0.0231","0.0231","0.0231","0.1511","0.1511","0.1511","0.0485","0.0485","0.0485","","",""
"298","0.0326","0.0326","0.0326","0.1563","0.1563","0.1563","0.0681","0.0681","0.0681","","",""
"300","0.0627","0.0627","0.0627","0.1248","0.1248","0.1248","0.081","0.081","0.081","","",""
"302","0.0614","0.0614","0.0614","0.107","0.107","0.107","0.0305","0.0305","0.0305","","",""
"304","0.0255","0.0255","0.0255","0.1264","0.1264","0.1264","0.0291","0.0291","0.0291","","",""
"306","0.0242","0.0242","0.0242","0.0803","0.0803","0.0803","0.0598","0.0598","0.0598","","",""
"308","0.0223","0.0223","0.0223","0.2179","0.2179","0.2179","0.0621","0.0621","0.0621","","",""
"310","0.0305","0.0305","0.0305","0.0777","0.0777","0.0777","0.0435","0.0435","0.0435","","",""
"312","0.0212","0.0212","0.0212","0.1275","0.1275","0.1275","0.0233","0.0233","0.0233","","",""
"314","0.0194","0.0194","0.0194","0.1067","0.1067","0.1067","0.0414","0.0414","0.0414","","",""
"316","0.051","0.051","0.051","0.0953","0.0953","0.0953","0.0556","0.0556","0.0556","","",""
"318","0.0484","0.0484","0.0484","0.096","0.096","0.096","0.079","0.079","0.079","","",""
"320","0.0364","0.0364","0.0364","0.1305","0.1305","0.1305","0.0526","0.0526","0.0526","","",""
"322","0.0408","0.0408","0.0408","0.0973","0.0973","0.0973","0.0674","0.0674","0.0674","","",""
"324","0.0449","0.0449","0.0449","0.1231","0.1231","0.1231","0.0914","0.0914","0.0914","","",""
"326","0.0363","0.0363","0.0363","0.0666","0.0666","0.0666","0.0505","0.0505","0.0505","","",""
"328","0.0222","0.0222","0.0222","0.0692","0.0692","0.0692","0.0523","0.0523","0.0523","","",""
"330","0.0182","0.0182","0.0182","0.1318","0.1318","0.1318","0.1066","0.1066","0.1066","","",""
"332","0.0224","0.0224","0.0224","0.0648","0.0648","0.0648","0.1253","0.1253","0.1253","","",""
"334","0.0351","0.0351","0.0351","0.057","0.057","0.057","0.0596","0.0596","0.0596","","",""
"336","","","","0.0574","0.0574","0.0574","0.0748","0.0748","0.0748","","",""
"338","","","","0.0748","0.0748","0.0748","0.0668","0.0668","0.0668","","",""
"340","","","","0.1239","0.1239","0.1239","0.0529","0.0529","0.0529","","",""
"342","","","","0.1449","0.1449","0.1449","0.0408","0.0408","0.0408","","",""
"344","","","","0.1248","0.1248","0.1248","0.0176","0.0176","0.0176","","",""
"346","","","","0.0736","0.0736","0.0736","0.0723","0.0723","0.0723","","",""
"348","","","","0.0587","0.0587","0.0587","0.0403","0.0403","0.0403","","",""
"350","","","","0.1004","0.1004","0.1004","0.0263","0.0263","0.0263","","",""
"352","","","","0.0492","0.0492","0.0492","0.02","0.02","0.02","","",""
"354","","","","0.0659","0.0659","0.0659","0.0493","0.0493","0.0493","","",""
"356","","","","0.0917","0.0917","0.0917","0.0655","0.0655","0.0655","","",""
"358","","","","0.0425","0.0425","0.0425","0.0465","0.0465","0.0465","","",""
"360","","","","0.1351","0.1351","0.1351","0.0229","0.0229","0.0229","","",""
"362","","","","0.1544","0.1544","0.1544","0.041","0.041","0.041","","",""
"364","","","","0.1146","0.1146","0.1146","0.0436","0.0436","0.0436","","",""
"366","","","","0.0911","0.0911","0.0911","0.0491","0.0491","0.0491","","",""
"368","","","","0.0343","0.0343","0.0343","0.0418","0.0418","0.0418","","",""
"370","","","","0.0679","0.0679","0.0679","0.0473","0.0473","0.0473","","",""
"372","","","","0.1079","0.1079","0.1079","0.0774","0.0774","0.0774","","",""
"374","","","","0.0971","0.0971","0.0971","0.078","0.078","0.078","","",""
"376","","","","0.1342","0.1342","0.1342","0.0477","0.0477","0.0477","","",""
"378","","","","0.0625","0.0625","0.0625","0.0341","0.0341","0.0341","","",""
"380","","","","0.1074","0.1074","0.1074","0.0317","0.0317","0.0317","","",""
"382","","","","0.0728","0.0728","0.0728","0.0541","0.0541","0.0541","","",""
"384","","","","0.1221","0.1221","0.1221","0.0593","0.0593","0.0593","","",""
"386","","","","0.0467","0.0467","0.0467","0.0522","0.0522","0.0522","","",""
"388","","","","0.1013","0.1013","0.1013","0.0433","0.0433","0.0433","","",""
"390","","","","0.1611","0.1611","0.1611","0.042","0.042","0.042","","",""
"392","","","","0.0645","0.0645","0.0645","0.0175","0.0175","0.0175","","",""
"394","","","","0.1434","0.1434","0.1434","0.0357","0.0357","0.0357","","",""
"396","","","","0.1518","0.1518","0.1518","0.0276","0.0276","0.0276","","",""
"398","","","","0.0793","0.0793","0.0793","0.0456","0.0456","0.0456","","",""
"400","","","","0.0401","0.0401","0.0401","0.0183","0.0183","0.0183","","",""
"402","","","","0.0851","0.0851","0.0851","0.0255","0.0255","0.0255","","",""
"404","","","","0.0451","0.0451","0.0451","0.0485","0.0485","0.0485","","",""
"406","","","","0.1062","0.1062","0.1062","0.0429","0.0429","0.0429","","",""
"408","","","","0.0465","0.0465","0.0465","0.048","0.048","0.048","","",""
"410","","","","0.0795","0.0795","0.0795","0.0475","0.0475","0.0475","","",""
"412","","","","0.0747","0.0747","0.0747","0.0174","0.0174","0.0174","","",""
"414","","","","0.036","0.036","0.036","0.0138","0.0138","0.0138","","",""
"416","","","","0.1505","0.1505","0.1505","0.0162","0.0162","0.0162","","",""
"418","","","","0.0902","0.0902","0.0902","0.03","0.03","0.03","","",""
"420","","","","0.0822","0.0822","0.0822","0.0136","0.0136","0.0136","","",""
"422","","","","0.0936","0.0936","0.0936","0.0419","0.0419","0.0419","","",""
"424","","","","0.0771","0.0771","0.0771","0.0354","0.0354","0.0354","","",""
"426","","","","0.1388","0.1388","0.1388","0.0315","0.0315","0.0315","","",""
"428","","","","0.0413","0.0413","0.0413","0.0459","0.0459","0.0459","","",""
"430","","","","0.1436","0.1436","0.1436","0.0393","0.0393","0.0393","","",""
"432","","","","0.0589","0.0589","0.0589","0.0402","0.0402","0.0402","","",""
"434","","","","0.0479","0.0479","0.0479","0.0291","0.0291","0.0291","","",""
"436","","","","0.111","0.111","0.111","0.0244","0.0244","0.0244","","",""
"438","","","","0.0896","0.0896","0.0896","0.0471","0.0471","0.0471","","",""
"440","","","","0.0445","0.0445","0.0445","0.0174","0.0174","0.0174","","",""
"442","","","","0.1037","0.1037","0.1037","0.0446","0.0446","0.0446","","",""
"444","","","","0.0807","0.0807","0.0807","0.0637","0.0637","0.0637","","",""
"446","","","","0.0763","0.0763","0.0763","0.0457","0.0457","0.0457","","",""
"448","","","","0.0536","0.0536","0.0536","","","","","",""
"450","","","","0.0338","0.0338","0.0338","","","","","",""
"452","","","","0.0312","0.0312","0.0312","","","","","",""
"454","","","","0.0543","0.0543","0.0543","","","","","",""
"456","","","","0.1071","0.1071","0.1071","","","","","",""
"458","","","","0.0559","0.0559","0.0559","","","","","",""
"460","","","","0.0668","0.0668","0.0668","","","","","",""
"462","","","","0.0489","0.0489","0.0489","","","","","",""
"464","","","","0.0372","0.0372","0.0372","","","","","",""
"466","","","","0.0725","0.0725","0.0725","","","","","",""
"468","","","","0.0732","0.0732","0.0732","","","","","",""
"470","","","","0.1336","0.1336","0.1336","","","","","",""
"472","","","","0.0588","0.0588","0.0588","","","","","",""
"474","","","","0.0367","0.0367","0.0367","","","","","",""
"476","","","","0.0705","0.0705","0.0705","","","","","",""
"478","","","","0.0882","0.0882","0.0882","","","","","",""
"480","","","","0.1065","0.1065","0.1065","","","","","",""
"482","","","","0.1104","0.1104","0.1104","","","","","",""
"484","","","","0.1138","0.1138","0.1138","","","","","",""
"486","","","","0.0841","0.0841","0.0841","","","","","",""
"488","","","","0.0482","0.0482","0.0482","","","","","",""
"490","","","","0.1045","0.1045","0.1045","","","","","",""
"492","","","","0.0875","0.0875","0.0875","","","","","",""
"494","","","","0.0767","0.0767","0.0767","","","","","",""
"496","","","","0.1075","0.1075","0.1075","","","","","",""
"498","","","","0.0671","0.0671","0.0671","","","","","",""
"500","","","","0.0374","0.0374","0.0374","","","","","",""
"502","","","","0.0992","0.0992","0.0992","","","","","",""
"504","","","","0.0306","0.0306","0.0306","","","","","",""
"506","","","","0.0431","0.0431","0.0431","","","","","",""
"508","","","","0.0938","0.0938","0.0938","","","","","",""
"510","","","","0.0762","0.0762","0.0762","","","","","",""
"512","","","","0.0352","0.0352","0.0352","","","","","",""
"514","","","","0.0495","0.0495","0.0495","","","","","",""
"516","","","","0.0296","0.0296","0.0296","","","","","",""
"518","","","","0.0436","0.0436","0.0436","","","","","",""
"520","","","","0.0351","0.0351","0.0351","","","","","",""
"522","","","","0.1125","0.1125","0.1125","","","","","",""
"524","","","","0.0626","0.0626","0.0626","","","","","",""
"526","","","","0.0601","0.0601","0.0601","","","","","",""
"528","","","","0.0305","0.0305","0.0305","","","","","",""
"530","","","","0.043","0.043","0.043","","","","","",""
"532","","","","0.0371","0.0371","0.0371","","","","","",""
"534","","","","0.0524","0.0524","0.0524","","","","","",""
"536","","","","0.0354","0.0354","0.0354","","","","","",""
"538","","","","0.0986","0.0986","0.0986","","","","","",""
"540","","","","0.0559","0.0559","0.0559","","","","","",""
"542","","","","0.0675","0.0675","0.0675","","","","","",""
"544","","","","0.0799","0.0799","0.0799","","","","","",""
"546","","","","0.0332","0.0332","0.0332","","","","","",""
"548","","","","0.0548","0.0548","0.0548","","","","","",""
"550","","","","0.0419","0.0419","0.0419","","","","","",""
"552","","","","0.0353","0.0353","0.0353","","","","","",""
"554","","","","0.0856","0.0856","0.0856","","","","","",""
"556","","","","0.0288","0.0288","0.0288","","","","","",""
"558","","","","0.0281","0.0281","0.0281","","","","","",""
"560","","","","0.0544","0.0544","0.0544","","","","","",""
"562","","","","0.0279","0.0279","0.0279","","","","","",""
"564","","","","0.0199","0.0199","0.0199","","","","","",""
"566","","","","0.0232","0.0232","0.0232","","","","","",""
"568","","","","0.0505","0.0505","0.0505","","","","","",""
"570","","","","0.0282","0.0282","0.0282","","","","","",""
"572","","","","0.0395","0.0395","0.0395","","","","","",""
"574","","","","0.045","0.045","0.045","","","","","",""
"576","","","","0.0478","0.0478","0.0478","","","","","",""
"578","","","","0.0358","0.0358","0.0358","","","","","",""
"580","","","","0.0363","0.0363","0.0363","","","","","",""
"582","","","","0.0217","0.0217","0.0217","","","","","",""
"584","","","","0.0499","0.0499","0.0499","","","","","",""
"586","","","","0.0439","0.0439","0.0439","","","","","",""
"588","","","","0.025","0.025","0.025","","","","","",""
"590","","","","0.0444","0.0444","0.0444","","","","","",""
"592","","","","0.0224","0.0224","0.0224","","","","","",""
"594","","","","0.0206","0.0206","0.0206","","","","","",""
"596","","","","0.0397","0.0397","0.0397","","","","","",""
"598","","","","0.0359","0.0359","0.0359","","","","","",""
"600","","","","0.0428","0.0428","0.0428","","","","","",""
"602","","","","0.0441","0.0441","0.0441","","","","","",""
"604","","","","0.0403","0.0403","0.0403","","","","","",""
"606","","","","0.0305","0.0305","0.0305","","","","","",""
"608","","","","0.0264","0.0264","0.0264","","","","","",""
"610","","","","0.0446","0.0446","0.0446","","","","","",""
"612","","","","0.0891","0.0891","0.0891","","","","","",""
"614","","","","0.0846","0.0846","0.0846","","","","","",""
"616","","","","0.028","0.028","0.028","","","","","",""
"618","","","","0.0319","0.0319","0.0319","","","","","",""
"620","","","","0.0527","0.0527","0.0527","","","","","",""
"622","","","","0.0404","0.0404","0.0404","","","","","",""
"624","","","","0.0219","0.0219","0.0219","","","","","",""
"626","","","","0.0427","0.0427","0.0427","","","","","",""
"628","","","","0.0414","0.0414","0.0414","","","","","",""
"630","","","","0.0338","0.0338","0.0338","","","","","",""
"632","","","","0.059","0.059","0.059","","","","","",""
"634","","","","0.0756","0.0756","0.0756","","","","","",""
"636","","","","0.0711","0.0711","0.0711","","","","","",""
"638","","","","0.05","0.05","0.05","","","","","",""
"640","","","","0.0241","0.0241","0.0241","","","","","",""
"642","","","","0.0515","0.0515","0.0515","","","","","",""
"644","","","","0.0552","0.0552","0.0552","","","","","",""
"646","","","","0.045","0.045","0.045","","","","","",""
"648","","","","0.0331","0.0331","0.0331","","","","","",""
"650","","","","0.0304","0.0304","0.0304","","","","","",""
"652","","","","0.025","0.025","0.025","","","","","",""
"654","","","","0.0352","0.0352","0.0352","","","","","",""
"656","","","","0.068","0.068","0.068","","","","","",""
"658","","","","0.0326","0.0326","0.0326","","","","","",""
"660","","","","0.0832","0.0832","0.0832","","","","","",""
"662","","","","0.0762","0.0762","0.0762","","","","","",""
"664","","","","0.0566","0.0566","0.0566","","","","","",""
"666","","","","0.0449","0.0449","0.0449","","","","","",""
"668","","","","0.0227","0.0227","0.0227","","","","","",""
"670","","","","0.0424","0.0424","0.0424","","","","","",""
"672","","","","0.015","0.015","0.015","","","","","",""
"674","","","","0.0241","0.0241","0.0241","","","","","",""
"676","","","","0.0327","0.0327","0.0327","","","","","",""
"678","","","","0.0339","0.0339","0.0339","","","","","",""
"680","","","","0.0199","0.0199","0.0199","","","","","",""
"682","","","","0.0692","0.0692","0.0692","","","","","",""
"684","","","","0.022","0.022","0.022","","","","","",""
"686","","","","0.0186","0.0186","0.0186","","","","","",""
"688","","","","0.0321","0.0321","0.0321","","","","","",""
"690","","","","0.0282","0.0282","0.0282","","","","","",""
"692","","","","0.0175","0.0175","0.0175","","","","","",""
"694","","","","0.0284","0.0284","0.0284","","","","","",""
"696","","","","0.0313","0.0313","0.0313","","","","","",""
"698","","","","0.0201","0.0201","0.0201","","","","","",""
"700","","","","0.0185","0.0185","0.0185","","","","","",""
"702","","","","0.0274","0.0274","0.0274","","","","","",""
"704","","","","0.0325","0.0325","0.0325","","","","","",""
"706","","","","0.0236","0.0236","0.0236","","","","","",""
"708","","","","0.0349","0.0349","0.0349","","","","","",""
"710","","","","0.0152","0.0152","0.0152","","","","","",""
"712","","","","0.0196","0.0196","0.0196","","","","","",""
"714","","","","0.0267","0.0267","0.0267","","","","","",""
"716","","","","0.0171","0.0171","0.0171","","","","","",""
"718","","","","0.0244","0.0244","0.0244","","","","","",""
"720","","","","0.0353","0.0353","0.0353","","","","","",""
"722","","","","0.0182","0.0182","0.0182","","","","","",""
"724","","","","0.0172","0.0172","0.0172","","","","","",""
"726","","","","0.0285","0.0285","0.0285","","","","","",""
"728","","","","0.0192","0.0192","0.0192","","","","","",""
"730","","","","0.0265","0.0265","0.0265","","","","","",""
"732","","","","0.0326","0.0326","0.0326","","","","","",""
"734","","","","0.0308","0.0308","0.0308","","","","","",""
"736","","","","0.0199","0.0199","0.0199","","","","","",""
"738","","","","0.024","0.024","0.024","","","","","",""
"740","","","","0.0275","0.0275","0.0275","","","","","",""
"742","","","","0.0312","0.0312","0.0312","","","","","",""
"744","","","","0.036","0.036","0.036","","","","","",""
"746","","","","0.0335","0.0335","0.0335","","","","","",""
"748","","","","0.022","0.022","0.022","","","","","",""
"750","","","","0.0229","0.0229","0.0229","","","","","",""
"752","","","","0.0273","0.0273","0.0273","","","","","",""
"754","","","","0.0267","0.0267","0.0267","","","","","",""
"756","","","","0.0297","0.0297","0.0297","","","","","",""
"758","","","","0.0325","0.0325","0.0325","","","","","",""
"760","","","","0.0316","0.0316","0.0316","","","","","",""
"762","","","","0.0298","0.0298","0.0298","","","","","",""
"764","","","","0.0351","0.0351","0.0351","","","","","",""
"766","","","","0.018","0.018","0.018","","","","","",""
"768","","","","0.0317","0.0317","0.0317","","","","","",""
"770","","","","0.0319","0.0319","0.0319","","","","","",""
"772","","","","0.0229","0.0229","0.0229","","","","","",""
"774","","","","0.0268","0.0268","0.0268","","","","","",""
"776","","","","0.0165","0.0165","0.0165","","","","","",""
"778","","","","0.0201","0.0201","0.0201","","","","","",""
"780","","","","0.0417","0.0417","0.0417","","","","","",""
"782","","","","0.0365","0.0365","0.0365","","","","","",""
"784","","","","0.0152","0.0152","0.0152","","","","","",""
"786","","","","0.0156","0.0156","0.0156","","","","","",""
"788","","","","0.0161","0.0161","0.0161","","","","","",""
"790","","","","0.0212","0.0212","0.0212","","","","","",""
"792","","","","0.0223","0.0223","0.0223","","","","","",""
"794","","","","0.0121","0.0121","0.0121","","","","","",""
"796","","","","0.0254","0.0254","0.0254","","","","","",""
"798","","","","0.0306","0.0306","0.0306","","","","","",""
"800","","","","0.0165","0.0165","0.0165","","","","","",""
"802","","","","0.0245","0.0245","0.0245","","","","","",""
"804","","","","0.012","0.012","0.012","","","","","",""
"806","","","","0.0133","0.0133","0.0133","","","","","",""
"808","","","","0.0154","0.0154","0.0154","","","","","",""
"810","","","","0.0113","0.0113","0.0113","","","","","",""
"812","","","","0.0108","0.0108","0.0108","","","","","",""
"814","","","","0.0143","0.0143","0.0143","","","","","",""
"816","","","","0.0114","0.0114","0.0114","","","","","",""
"818","","","","0.0139","0.0139","0.0139","","","","","",""
"820","","","","0.0149","0.0149","0.0149","","","","","",""
"822","","","","0.0132","0.0132","0.0132","","","","","",""
"824","","","","0.0147","0.0147","0.0147","","","","","",""
"826","","","","0.0144","0.0144","0.0144","","","","","",""
"828","","","","0.0184","0.0184","0.0184","","","","","",""
"830","","","","0.0101","0.0101","0.0101","","","","","",""
"832","","","","0.0212","0.0212","0.0212","","","","","",""
"834","","","","0.0184","0.0184","0.0184","","","","","",""
"836","","","","0.0107","0.0107","0.0107","","","","","",""
"838","","","","0.0175","0.0175","0.0175","","","","","",""
"840","","","","0.0453","0.0453","0.0453","","","","","",""
"842","","","","0.0196","0.0196","0.0196","","","","","",""
"844","","","","0.0111","0.0111","0.0111","","","","","",""
"846","","","","0.0134","0.0134","0.0134","","","","","",""
"848","","","","0.0198","0.0198","0.0198","","","","","",""
"850","","","","0.0262","0.0262","0.0262","","","","","",""
"852","","","","0.0222","0.0222","0.0222","","","","","",""
"854","","","","0.0195","0.0195","0.0195","","","","","",""
"856","","","","0.0267","0.0267","0.0267","","","","","",""
"858","","","","0.017","0.017","0.017","","","","","",""
"860","","","","0.0125","0.0125","0.0125","","","","","",""
"862","","","","0.0138","0.0138","0.0138","","","","","",""
"864","","","","0.0198","0.0198","0.0198","","","","","",""
"866","","","","0.012","0.012","0.012","","","","","",""
"868","","","","0.0114","0.0114","0.0114","","","","","",""
"870","","","","0.0118","0.0118","0.0118","","","","","",""
"872","","","","0.014","0.014","0.014","","","","","",""
"874","","","","0.0267","0.0267","0.0267","","","","","",""
"876","","","","0.0167","0.0167","0.0167","","","","","",""
"878","","","","0.0151","0.0151","0.0151","","","","","",""
"880","","","","0.0087","0.0087","0.0087","","","","","",""
"882","","","","0.0136","0.0136","0.0136","","","","","",""
"884","","","","0.0099","0.0099","0.0099","","","","","",""
"886","","","","0.0149","0.0149","0.0149","","","","","",""
"888","","","","0.0262","0.0262","0.0262","","","","","",""
"890","","","","0.016","0.016","0.016","","","","","",""
"892","","","","0.0193","0.0193","0.0193","","","","","",""
"894","","","","0.0171","0.0171","0.0171","","","","","",""